Implementation,Image,Kernel,512,1024,2048
CPU (C),boat.png,edge,0.001659,0.006624,0.027701
CPU (C),boat.png,sharpen,0.003693,0.015645,0.062543
CPU (C),boat.png,sharpen7,0.007372,0.029985,0.117969
CPU (C),bumblebee.png,edge,0.001583,0.006927,0.026055
CPU (C),bumblebee.png,sharpen,0.003869,0.014936,0.061752
CPU (C),bumblebee.png,sharpen7,0.0076,0.029169,0.115896
CPU (C),hut.png,edge,0.001564,0.006228,0.026172
CPU (C),hut.png,sharpen,0.003728,0.015276,0.061458
CPU (C),hut.png,sharpen7,0.007234,0.029267,0.116287
